<?xml version="1.0" encoding="UTF-8"?>

	<beans xmlns="http://www.springframework.org/schema/beans"
       xmlns:xsi="http://www.w3.org/2001/XMLSchema-instance"
       xmlns:context="http://www.springframework.org/schema/context"
       xsi:schemaLocation="
           http://www.springframework.org/schema/beans  http://www.springframework.org/schema/beans/spring-beans.xsd
           http://www.springframework.org/schema/context http://www.springframework.org/schema/context/spring-context.xsd">

    <!-- Enable Component Scanning -->
    <context:component-scan base-package="com.springmvc.pmvc.controllers"/>

    <!-- View Resolver Configuration -->
    <bean id="viewResolver" class="org.springframework.web.servlet.view.InternalResourceViewResolver">
        <property name="prefix" value="/WEB-INF/views/" />
        <property name="suffix" value=".jsp" />
    </bean>
    
	<bean id="db" class="org.springframework.jdbc.datasource.DriverManagerDataSource">    
	<property name="driverClassName" value="com.mysql.cj.jdbc.Driver"></property>    
	<property name="url" value="jdbc:mysql://localhost:3306/jeetSQL"></property>    
	<property name="username" value="root"></property>    
	<property name="password" value="abhijeet"></property>    
	</bean>    
    
	<bean id="jt" class="org.springframework.jdbc.core.JdbcTemplate">    
	<property name="dataSource" ref="db"></property>    
	</bean>    
    
	<bean id="fdao" class="com.springmvc.pmvc.dao.FacultyDao">    
	<property name="jdbcTemplate" ref="jt"></property>
	</bean>
	<bean id="cdao" class="com.springmvc.pmvc.dao.CourseDao">    
	<property name="jdbcTemplate" ref="jt"></property>
	</bean>
</beans>